{
  "dimensions": 196883,
  "nonzero_count": 17241,
  "indices": [
    53,
    57,
    63,
    66,
    95,
    100,
    114,
    132,
    185,
    218,
    235,
    256,
    272,
    289,
    313,
    340,
    343,
    347,
    450,
    480,
    487,
    544,
    550,
    556,
    558,
    563,
    592,
    625,
    629,
    631,
    661,
    682,
    700,
    734,
    748,
    767,
    773,
    776,
    810,
    819,
    857,
    881,
    899,
    909,
    913,
    918,
    928,
    945,
    961,
    966,
    967,
    980,
    1018,
    1048,
    1057,
    1070,
    1087,
    1089,
    1112,
    1113,
    1128,
    1141,
    1236,
    1264,
    1273,
    1302,
    1322,
    1335,
    1337,
    1339,
    1354,
    1371,
    1396,
    1444,
    1464,
    1467,
    1474,
    1515,
    1616,
    1619,
    1628,
    1662,
    1689,
    1694,
    1696,
    1728,
    1761,
    1765,
    1818,
    1828,
    1832,
    1851,
    1868,
    1875,
    1889,
    1913,
    1939,
    1961,
    1974,
    1980
  ],
  "values": [
    1,
    1,
    2,
    1,
    2,
    1,
    1,
    1,
    1,
    4,
    1,
    1,
    1,
    2,
    1,
    1,
    1,
    1,
    1,
    1,
    1,
    1,
    1,
    2,
    1,
    2,
    1,
    2,
    1,
    1,
    2,
    1,
    1,
    1,
    1,
    1,
    2,
    2,
    1,
    1,
    3,
    1,
    1,
    3,
    1,
    1,
    2,
    2,
    1,
    1,
    1,
    2,
    1,
    1,
    1,
    1,
    2,
    1,
    1,
    1,
    1,
    10,
    1,
    1,
    2,
    1,
    1,
    1,
    1,
    1,
    3,
    1,
    1,
    1,
    1,
    2,
    1,
    3,
    1,
    1,
    1,
    1,
    1,
    1,
    1,
    2,
    2,
    1,
    1,
    1,
    2,
    1,
    3,
    1,
    1,
    1,
    1,
    1,
    1,
    1
  ],
  "norm": 659.762078328241,
  "sparsity": 0.08756977494247853
}